<modDesc descVersion="97">
	<author>Fetty42</author>
	<version>1.0.1.0</version>
	<title>
		<de>Silo Fülltyp Begrenzung</de>
        <en>Silo Filltype Limiting</en>
    </title>
    <description>
        <de><![CDATA[Um das Spiel realistischer zu gestalten, wird durch diesen Mod die Anzahl der verschiedenen Fülltypen, die gleichzeitig in einem Silo gelagert werden können, begrenzt.
Durch die Verwendung von Siloerweiterungen wird diese Anzahl erhöht.
In einem Silo können jetzt nur noch maximal 4 verschiedene Fülltypen gelagert werden. Durch den Bau von zusätzlichen Siloerweiterungen kann die Anzahl der verschiedenen Fülltypen um jeweils 2 erhöht werden.
Die vorgegebene Anzahl der Fülltypen, die in einem Silo bzw. in einer Siloerweiterung gelagert werden können, kann in den generellen Spieleinstellungen konfiguriert werden.

Funktioniert jetzt auch im Multiplayer!

Changelog 1.0.1.0:
- Bessere Erkennung relevanter Silos (klappt jetzt auch für "Hof Bergmann")
- Die Anzahl der Fülltypen für das Hauptsilo wie auch für eine Siloerweiterung kann jetzt in den generellen Spieleinstellungen konfiguriert werden.

Für Fehlermeldungen oder Anregungen besucht bitte: https://github.com/Fetty42/FS25_SiloFilltypeLimiting/issues oder https://forum.giants-software.com/viewtopic.php?t=208708]]></de>

        <en><![CDATA[To make the game more realistic, this mod limits the number of different fill types that can be stored in a silo at the same time.
By using silo extensions, this number is increased.
In a silo, only a maximum of 4 different fill types can now be stored. By building additional silo extensions, the number of different fill types can be increased by 2 each.
The default number of fill types that can be stored in a silo or in a silo extension can be configured in the general game settings.

Now also works in multiplayer!

Changelog 1.0.1.0:
- Better detection of relevant silos (now works for "Hof Bergmann" as well)
- The number of fill types for the main silo as well as for a silo extension can now be configured in the general game settings.

For any error messages or suggestions, please visit: https://github.com/Fetty42/FS25_SiloFilltypeLimiting/issues or https://forum.giants-software.com/viewtopic.php?t=208708]]></en>

        <fr><![CDATA[Afin de rendre le jeu plus réaliste, ce mod limite le nombre de types de remplissage différents pouvant être stockés simultanément dans un silo.
L'utilisation d'extensions de silo permet d'augmenter ce nombre.
Dans un silo, seuls un maximum de 4 types de remplissage différents peuvent désormais être stockés. En construisant des extensions de silo supplémentaires, le nombre de types de remplissage différents peut être augmenté de 2 chacun.
Le nombre par défaut de types de remplissage pouvant être stockés dans un silo ou dans une extension de silo peut être configuré dans les paramètres généraux du jeu.

Fonctionne maintenant également en multijoueur !

Changelog 1.0.1.0:
- Meilleure détection des silos pertinents (fonctionne maintenant aussi pour "Hof Bergmann")
- Le nombre de types de remplissage pour le silo principal ainsi que pour une extension de silo peut désormais être configuré dans les paramètres généraux du jeu.

Pour les messages d'erreur ou les suggestions, veuillez visiter : https://github.com/Fetty42/FS25_SiloFilltypeLimiting/issues ou https://forum.giants-software.com/viewtopic.php?t=208708]]></fr>

        <ru><![CDATA[Чтобы сделать игру более реалистичной, этот мод ограничивает количество различных типов заполнения, которые можно одновременно хранить в бункере.
Используя расширения силоса, это число увеличивается.
Теперь в бункере можно хранить только максимум 4 различных типа заполнения. Построив дополнительные расширения силоса, количество различных типов заполнения можно увеличить на 2 каждый.
Количество типов заполнения, которые можно хранить в бункере или в расширении бункера, можно настроить в общих настройках игры.

Теперь также работает в многопользовательском режиме!

Changelog 1.0.1.0:
- Улучшенное обнаружение соответствующих силосов (теперь работает и для "Hof Bergmann")
Количество типов заполнения для основного силоса, а также для расширения силоса теперь можно настроить в общих настройках игры.

Для любых сообщений об ошибках или предложениях, пожалуйста, посетите: https://github.com/Fetty42/FS25_SiloFilltypeLimiting/issues или https://forum.giants-software.com/viewtopic.php?t=208708]]></ru>
    </description>

	<iconFilename>icon_SiloFilltypeLimiting.dds</iconFilename>
	<multiplayer supported="true" />
	<extraSourceFiles>
		<sourceFile filename="lib/UIHelper.lua" />
		<sourceFile filename="SiloFilltypeLimitingUISettings.lua" />
		<sourceFile filename="SiloFilltypeLimiting.lua" />
	</extraSourceFiles>

	<l10n>
		<text name="SiloFilltypeLimiting_UnloadingNotAllowed">
			<de>Zu viele Fülltypen (%s/%s in Benutzung) --> Entladen ist nicht erlaubt</de>
			<en>Too many fill types (%s/%s in use) --> Unloading is not allowed</en>
			<fr>Trop de types de remplissage (%s/%s en usage) --> le déchargement n'est pas autorisé</fr>
			<ru>Слишком много видов наполнителей (%s/%s в использовании) -> Разгрузка не возможна</ru>
		</text>
		<text name="SiloFilltypeLimiting_ExistingFilltype">
			<de>Vorhandener Fülltyp (%s/%s in Benutzung)</de>
			<en>Existing fill type (%s/%s in use)</en>
			<fr>Type de remplissage existant (%s/%s en usage)</fr>
			<ru>Существующий тип заполнения (%s/%s в использовании)</ru>
		</text>
		<text name="SiloFilltypeLimiting_NewFilltype">
			<de>Neuer Fülltyp (%s/%s in Benutzung)</de>
			<en>New fill type (%s/%s in use)</en>
			<fr>Nouveau type de remplissage (%s/%s en usage)</fr>
			<ru>Новый тип наполнения (%s/%s^в использовании)</ru>
		</text>
		<text name="UISetting_title">
			<de>Silo Fülltyp Begrenzung</de>
			<en>Silo Fill type Limiting</en>
			<fr>Limitation du type de remplissage du silo</fr>
		</text>

		<text name="UISetting_maxNoParallelFillTypesPerSilo_short">
			<de>Maximale Anzahl der gleichzeitigen Fülltypen eines Silos</de>
			<en>Maximum number of simultaneous fill types of a silo</en>
			<fr>Nombre maximum de types de remplissage simultanés d'un silo</fr>
		</text>

		<text name="UISetting_maxNoParallelFillTypesPerSilo_long">
			<de>Definiert die maximal erlaubte Anzahl an Fülltypen, die gleichzeitig in ein Silo eingelagert werden können.</de>
			<en>Defines the maximum allowed number of fill types that can be stored in a silo at the same time.</en>
			<fr>Définit le nombre maximum autorisé de types de remplissage pouvant être stockés dans un silo en même temps.</fr>
		</text>

		<text name="UISetting_additionalNoParallelFillTypesPerSiloExtension_short">
			<de>Anzahl der zusätzlichen Fülltypen durch eine Siloerweiterung</de>
			<en>Number of additional fill types through a silo extension</en>
			<fr>Nombre de types de remplissage supplémentaires grâce à une extension de silo</fr>
		</text>

		<text name="UISetting_additionalNoParallelFillTypesPerSiloExtension_long">
			<de>Definiert die Anzahl der Fülltypen, um die eine Siloerweiterung das zugehörige Hauptsilo erweitert.</de>
			<en>Defines the number of fill types that a silo extension adds to the corresponding main silo.</en>
			<fr>Définit le nombre de types de remplissage qu'une extension de silo ajoute au silo principal correspondant.</fr>
		</text>
	</l10n>
</modDesc>
